{
  "project_info": {
    "project_number": "780871891224",
    "project_id": "queueing-53ff2",
    "storage_bucket": "queueing-53ff2.appspot.com"
  },
  "client": [
    {
      "client_info": {
        "mobilesdk_app_id": "1:780871891224:android:4c12ac8f7378be06bbc66d",
        "android_client_info": {
          "package_name": "com.example.queuing_system"
        }
      },
      "oauth_client": [
        {
          "client_id": "780871891224-9cd9srruhiunskriaek3gnt5u3v82sc8.apps.googleusercontent.com",
          "client_type": 3
        }
      ],
      "api_key": [
        {
          "current_key": "AIzaSyCsJc6q55gsE0PYII3W_-Zw-cd8vuFnw30"
        }
      ],
      "services": {
        "appinvite_service": {
          "other_platform_oauth_client": [
            {
              "client_id": "780871891224-9cd9srruhiunskriaek3gnt5u3v82sc8.apps.googleusercontent.com",
              "client_type": 3
            }
          ]
        }
      }
    }
  ],
  "configuration_version": "1"
}